areaType,areaName,areaCode,date,newCasesBySpecimenDate,cumCasesBySpecimenDate,newDeaths28DaysByDeathDate,cumDeaths28DaysByDeathDate
overview,United Kingdom,K02000001,2021-11-16,9840,9675058,38,143359
overview,United Kingdom,K02000001,2021-11-15,37595,9665218,97,143321
overview,United Kingdom,K02000001,2021-11-14,33079,9627623,82,143224
overview,United Kingdom,K02000001,2021-11-13,30887,9594544,104,143142
overview,United Kingdom,K02000001,2021-11-12,36548,9563657,116,143038
overview,United Kingdom,K02000001,2021-11-11,39944,9527109,126,142922
overview,United Kingdom,K02000001,2021-11-10,41878,9487165,136,142796
overview,United Kingdom,K02000001,2021-11-09,41286,9445287,132,142660
overview,United Kingdom,K02000001,2021-11-08,43186,9404001,149,142528
overview,United Kingdom,K02000001,2021-11-07,29933,9360815,164,142379
overview,United Kingdom,K02000001,2021-11-06,26868,9330882,163,142215
overview,United Kingdom,K02000001,2021-11-05,29669,9304014,146,142052
overview,United Kingdom,K02000001,2021-11-04,32285,9274345,148,141906
overview,United Kingdom,K02000001,2021-11-03,34996,9242060,160,141758
overview,United Kingdom,K02000001,2021-11-02,37075,9207064,156,141598
overview,United Kingdom,K02000001,2021-11-01,44129,9169989,171,141442
overview,United Kingdom,K02000001,2021-10-31,34036,9125860,181,141271
overview,United Kingdom,K02000001,2021-10-30,32934,9091824,166,141090
overview,United Kingdom,K02000001,2021-10-29,39487,9058890,169,140924
overview,United Kingdom,K02000001,2021-10-28,40586,9019403,188,140755
overview,United Kingdom,K02000001,2021-10-27,42217,8978817,158,140567
overview,United Kingdom,K02000001,2021-10-26,41358,8936600,161,140409
overview,United Kingdom,K02000001,2021-10-25,46586,8895242,130,140248
overview,United Kingdom,K02000001,2021-10-24,35100,8848656,150,140118
overview,United Kingdom,K02000001,2021-10-23,34501,8813556,162,139968
overview,United Kingdom,K02000001,2021-10-22,39945,8779055,133,139806
overview,United Kingdom,K02000001,2021-10-21,44377,8739110,154,139673
overview,United Kingdom,K02000001,2021-10-20,50798,8694733,152,139519
overview,United Kingdom,K02000001,2021-10-19,51553,8643935,128,139367
overview,United Kingdom,K02000001,2021-10-18,56689,8592382,127,139239
overview,United Kingdom,K02000001,2021-10-17,42979,8535693,127,139112
overview,United Kingdom,K02000001,2021-10-16,37265,8492714,132,138985
overview,United Kingdom,K02000001,2021-10-15,42857,8455449,137,138853
overview,United Kingdom,K02000001,2021-10-14,45629,8412592,149,138716
overview,United Kingdom,K02000001,2021-10-13,46982,8366963,119,138567
overview,United Kingdom,K02000001,2021-10-12,47501,8319981,113,138448
overview,United Kingdom,K02000001,2021-10-11,49461,8272480,123,138335
overview,United Kingdom,K02000001,2021-10-10,35824,8223019,96,138212
overview,United Kingdom,K02000001,2021-10-09,31719,8187195,115,138116
overview,United Kingdom,K02000001,2021-10-08,35003,8155476,114,138001
overview,United Kingdom,K02000001,2021-10-07,37882,8120473,121,137887
overview,United Kingdom,K02000001,2021-10-06,38614,8082591,101,137766
overview,United Kingdom,K02000001,2021-10-05,38610,8043977,119,137665
overview,United Kingdom,K02000001,2021-10-04,43073,8005367,101,137546
overview,United Kingdom,K02000001,2021-10-03,31509,7962294,96,137445
overview,United Kingdom,K02000001,2021-10-02,25902,7930785,109,137349
overview,United Kingdom,K02000001,2021-10-01,28639,7904883,129,137240
overview,United Kingdom,K02000001,2021-09-30,32014,7876244,113,137111
overview,United Kingdom,K02000001,2021-09-29,34301,7844230,124,136998
overview,United Kingdom,K02000001,2021-09-28,35929,7809929,105,136874
overview,United Kingdom,K02000001,2021-09-27,40923,7774000,114,136769
overview,United Kingdom,K02000001,2021-09-26,31525,7733077,97,136655
overview,United Kingdom,K02000001,2021-09-25,27861,7701552,124,136558
overview,United Kingdom,K02000001,2021-09-24,31604,7673691,124,136434
overview,United Kingdom,K02000001,2021-09-23,35216,7642087,137,136310
overview,United Kingdom,K02000001,2021-09-22,36157,7606871,146,136173
overview,United Kingdom,K02000001,2021-09-21,38260,7570714,120,136027
overview,United Kingdom,K02000001,2021-09-20,40117,7532454,134,135907
overview,United Kingdom,K02000001,2021-09-19,30543,7492337,126,135773
overview,United Kingdom,K02000001,2021-09-18,26304,7461794,122,135647
overview,United Kingdom,K02000001,2021-09-17,29064,7435490,171,135525
overview,United Kingdom,K02000001,2021-09-16,29175,7406426,150,135354
overview,United Kingdom,K02000001,2021-09-15,29940,7377251,142,135204
overview,United Kingdom,K02000001,2021-09-14,30938,7347311,154,135062
overview,United Kingdom,K02000001,2021-09-13,34124,7316373,109,134908
overview,United Kingdom,K02000001,2021-09-12,23668,7282249,140,134799
overview,United Kingdom,K02000001,2021-09-11,23210,7258581,137,134659
overview,United Kingdom,K02000001,2021-09-10,28730,7235371,144,134522
overview,United Kingdom,K02000001,2021-09-09,33408,7206641,162,134378
overview,United Kingdom,K02000001,2021-09-08,35236,7173233,139,134216
overview,United Kingdom,K02000001,2021-09-07,38023,7137997,155,134077
overview,United Kingdom,K02000001,2021-09-06,44140,7099974,138,133922
overview,United Kingdom,K02000001,2021-09-05,31254,7055834,155,133784
overview,United Kingdom,K02000001,2021-09-04,31362,7024580,133,133629
overview,United Kingdom,K02000001,2021-09-03,38023,6993218,149,133496
overview,United Kingdom,K02000001,2021-09-02,41631,6955195,127,133347
overview,United Kingdom,K02000001,2021-09-01,42831,6913564,118,133220
overview,United Kingdom,K02000001,2021-08-31,44474,6870733,116,133102
overview,United Kingdom,K02000001,2021-08-30,34175,6826259,106,132986
overview,United Kingdom,K02000001,2021-08-29,25693,6792084,128,132880
overview,United Kingdom,K02000001,2021-08-28,27168,6766391,124,132752
overview,United Kingdom,K02000001,2021-08-27,33179,6739223,127,132628
overview,United Kingdom,K02000001,2021-08-26,36989,6706044,116,132501
overview,United Kingdom,K02000001,2021-08-25,38098,6669055,101,132385
overview,United Kingdom,K02000001,2021-08-24,37023,6630957,113,132284
overview,United Kingdom,K02000001,2021-08-23,39044,6593934,114,132171
overview,United Kingdom,K02000001,2021-08-22,28293,6554890,116,132057
overview,United Kingdom,K02000001,2021-08-21,28090,6526597,104,131941
overview,United Kingdom,K02000001,2021-08-20,31670,6498507,117,131837
overview,United Kingdom,K02000001,2021-08-19,35824,6466837,108,131720
overview,United Kingdom,K02000001,2021-08-18,38011,6431013,98,131612
overview,United Kingdom,K02000001,2021-08-17,37194,6393002,108,131514
overview,United Kingdom,K02000001,2021-08-16,36188,6355808,78,131406
overview,United Kingdom,K02000001,2021-08-15,24920,6319620,85,131328
overview,United Kingdom,K02000001,2021-08-14,24646,6294700,93,131243
overview,United Kingdom,K02000001,2021-08-13,28441,6270054,104,131150
overview,United Kingdom,K02000001,2021-08-12,31124,6241613,106,131046
overview,United Kingdom,K02000001,2021-08-11,32736,6210489,88,130940
overview,United Kingdom,K02000001,2021-08-10,30921,6177753,81,130852
overview,United Kingdom,K02000001,2021-08-09,31531,6146832,79,130771
overview,United Kingdom,K02000001,2021-08-08,22417,6115301,79,130692
overview,United Kingdom,K02000001,2021-08-07,22116,6092884,95,130613
overview,United Kingdom,K02000001,2021-08-06,27537,6070768,93,130518
overview,United Kingdom,K02000001,2021-08-05,31077,6043231,101,130425
overview,United Kingdom,K02000001,2021-08-04,31724,6012154,79,130324
overview,United Kingdom,K02000001,2021-08-03,29816,5980430,74,130245
overview,United Kingdom,K02000001,2021-08-02,29278,5950614,79,130171
overview,United Kingdom,K02000001,2021-08-01,20513,5921336,93,130092
overview,United Kingdom,K02000001,2021-07-31,20150,5900823,89,129999
overview,United Kingdom,K02000001,2021-07-30,24281,5880673,105,129910
overview,United Kingdom,K02000001,2021-07-29,27908,5856392,77,129805
overview,United Kingdom,K02000001,2021-07-28,29661,5828484,86,129728
overview,United Kingdom,K02000001,2021-07-27,29046,5798823,72,129642
overview,United Kingdom,K02000001,2021-07-26,29391,5769777,74,129570
overview,United Kingdom,K02000001,2021-07-25,21771,5740386,71,129496
overview,United Kingdom,K02000001,2021-07-24,22479,5718615,72,129425
overview,United Kingdom,K02000001,2021-07-23,27277,5696136,81,129353
overview,United Kingdom,K02000001,2021-07-22,30744,5668859,76,129272
overview,United Kingdom,K02000001,2021-07-21,34931,5638115,54,129196
overview,United Kingdom,K02000001,2021-07-20,39062,5603184,58,129142
overview,United Kingdom,K02000001,2021-07-19,46900,5564122,83,129084
overview,United Kingdom,K02000001,2021-07-18,35500,5517222,66,129001
overview,United Kingdom,K02000001,2021-07-17,37850,5481722,52,128935
overview,United Kingdom,K02000001,2021-07-16,54239,5443872,50,128883
overview,United Kingdom,K02000001,2021-07-15,60758,5389633,52,128833
overview,United Kingdom,K02000001,2021-07-14,53819,5328875,42,128781
overview,United Kingdom,K02000001,2021-07-13,46732,5275056,49,128739
overview,United Kingdom,K02000001,2021-07-12,43649,5228324,39,128690
overview,United Kingdom,K02000001,2021-07-11,30027,5184675,33,128651
overview,United Kingdom,K02000001,2021-07-10,27881,5154648,42,128618
overview,United Kingdom,K02000001,2021-07-09,32217,5126767,47,128576
overview,United Kingdom,K02000001,2021-07-08,33355,5094550,38,128529
overview,United Kingdom,K02000001,2021-07-07,37819,5061195,29,128491
overview,United Kingdom,K02000001,2021-07-06,35366,5023376,32,128462
overview,United Kingdom,K02000001,2021-07-05,34198,4988010,28,128430
overview,United Kingdom,K02000001,2021-07-04,24673,4953812,28,128402
overview,United Kingdom,K02000001,2021-07-03,23566,4929139,28,128374
overview,United Kingdom,K02000001,2021-07-02,25785,4905573,28,128346
overview,United Kingdom,K02000001,2021-07-01,28117,4879788,21,128318
overview,United Kingdom,K02000001,2021-06-30,28326,4851671,21,128297
overview,United Kingdom,K02000001,2021-06-29,27595,4823345,24,128276
overview,United Kingdom,K02000001,2021-06-28,27750,4795750,12,128252
overview,United Kingdom,K02000001,2021-06-27,18125,4768000,20,128240
overview,United Kingdom,K02000001,2021-06-26,15972,4749875,17,128220
overview,United Kingdom,K02000001,2021-06-25,17779,4733903,20,128203
overview,United Kingdom,K02000001,2021-06-24,18298,4716124,21,128183
overview,United Kingdom,K02000001,2021-06-23,17908,4697826,7,128162
overview,United Kingdom,K02000001,2021-06-22,17006,4679918,13,128155
overview,United Kingdom,K02000001,2021-06-21,15957,4662912,16,128142
overview,United Kingdom,K02000001,2021-06-20,9874,4646955,23,128126
overview,United Kingdom,K02000001,2021-06-19,8255,4637081,23,128103
overview,United Kingdom,K02000001,2021-06-18,10054,4628826,13,128080
overview,United Kingdom,K02000001,2021-06-17,10773,4618772,6,128067
overview,United Kingdom,K02000001,2021-06-16,10772,4607999,11,128061
overview,United Kingdom,K02000001,2021-06-15,10501,4597227,19,128050
overview,United Kingdom,K02000001,2021-06-14,10105,4586726,9,128031
overview,United Kingdom,K02000001,2021-06-13,6954,4576621,10,128022
overview,United Kingdom,K02000001,2021-06-12,6116,4569667,13,128012
overview,United Kingdom,K02000001,2021-06-11,7440,4563551,6,127999
overview,United Kingdom,K02000001,2021-06-10,7837,4556111,11,127993
overview,United Kingdom,K02000001,2021-06-09,8002,4548274,7,127982
overview,United Kingdom,K02000001,2021-06-08,7676,4540272,8,127975
overview,United Kingdom,K02000001,2021-06-07,7744,4532596,5,127967
overview,United Kingdom,K02000001,2021-06-06,5405,4524852,6,127962
overview,United Kingdom,K02000001,2021-06-05,4625,4519447,5,127956
overview,United Kingdom,K02000001,2021-06-04,5707,4514822,9,127951
overview,United Kingdom,K02000001,2021-06-03,6097,4509115,12,127942
overview,United Kingdom,K02000001,2021-06-02,6048,4503018,10,127930
overview,United Kingdom,K02000001,2021-06-01,5234,4496970,4,127920
overview,United Kingdom,K02000001,2021-05-31,3781,4491736,7,127916
overview,United Kingdom,K02000001,2021-05-30,3094,4487955,8,127909
overview,United Kingdom,K02000001,2021-05-29,2931,4484861,7,127901
overview,United Kingdom,K02000001,2021-05-28,3490,4481930,8,127894
overview,United Kingdom,K02000001,2021-05-27,3640,4478440,8,127886
overview,United Kingdom,K02000001,2021-05-26,3799,4474800,11,127878
overview,United Kingdom,K02000001,2021-05-25,3306,4471001,4,127867
overview,United Kingdom,K02000001,2021-05-24,3238,4467695,9,127863
overview,United Kingdom,K02000001,2021-05-23,2242,4464457,7,127854
overview,United Kingdom,K02000001,2021-05-22,1928,4462215,4,127847
overview,United Kingdom,K02000001,2021-05-21,2292,4460287,7,127843
overview,United Kingdom,K02000001,2021-05-20,2425,4457995,5,127836
overview,United Kingdom,K02000001,2021-05-19,2713,4455570,5,127831
overview,United Kingdom,K02000001,2021-05-18,2708,4452857,6,127826
overview,United Kingdom,K02000001,2021-05-17,2766,4450149,7,127820
overview,United Kingdom,K02000001,2021-05-16,1853,4447383,8,127813
overview,United Kingdom,K02000001,2021-05-15,1582,4445530,7,127805
overview,United Kingdom,K02000001,2021-05-14,1850,4443948,6,127798
overview,United Kingdom,K02000001,2021-05-13,2097,4442098,5,127792
overview,United Kingdom,K02000001,2021-05-12,2231,4440001,11,127787
overview,United Kingdom,K02000001,2021-05-11,2201,4437770,14,127776
overview,United Kingdom,K02000001,2021-05-10,2658,4435569,8,127762
overview,United Kingdom,K02000001,2021-05-09,2171,4432911,9,127754
overview,United Kingdom,K02000001,2021-05-08,1512,4430740,8,127745
overview,United Kingdom,K02000001,2021-05-07,1884,4429228,10,127737
overview,United Kingdom,K02000001,2021-05-06,2166,4427344,10,127727
overview,United Kingdom,K02000001,2021-05-05,2397,4425178,12,127717
overview,United Kingdom,K02000001,2021-05-04,2404,4422781,10,127705
overview,United Kingdom,K02000001,2021-05-03,1974,4420377,8,127695
overview,United Kingdom,K02000001,2021-05-02,1424,4418403,12,127687
overview,United Kingdom,K02000001,2021-05-01,1357,4416979,8,127675
overview,United Kingdom,K02000001,2021-04-30,1705,4415622,8,127667
overview,United Kingdom,K02000001,2021-04-29,2084,4413917,13,127659
overview,United Kingdom,K02000001,2021-04-28,2360,4411833,14,127646
overview,United Kingdom,K02000001,2021-04-27,2056,4409473,12,127632
overview,United Kingdom,K02000001,2021-04-26,2443,4407417,13,127620
overview,United Kingdom,K02000001,2021-04-25,1990,4404974,15,127607
overview,United Kingdom,K02000001,2021-04-24,1464,4402984,8,127592
overview,United Kingdom,K02000001,2021-04-23,1893,4401520,21,127584
overview,United Kingdom,K02000001,2021-04-22,2253,4399627,16,127563
overview,United Kingdom,K02000001,2021-04-21,2544,4397374,24,127547
overview,United Kingdom,K02000001,2021-04-20,2366,4394830,19,127523
overview,United Kingdom,K02000001,2021-04-19,2602,4392464,18,127504
overview,United Kingdom,K02000001,2021-04-18,2438,4389862,17,127486
overview,United Kingdom,K02000001,2021-04-17,1637,4387424,22,127469
overview,United Kingdom,K02000001,2021-04-16,2355,4385787,17,127447
overview,United Kingdom,K02000001,2021-04-15,2190,4383432,21,127430
overview,United Kingdom,K02000001,2021-04-14,2403,4381242,17,127409
overview,United Kingdom,K02000001,2021-04-13,2333,4378839,20,127392
overview,United Kingdom,K02000001,2021-04-12,2714,4376506,27,127372
overview,United Kingdom,K02000001,2021-04-11,2260,4373792,22,127345
overview,United Kingdom,K02000001,2021-04-10,2260,4371532,24,127323
overview,United Kingdom,K02000001,2021-04-09,2783,4369272,23,127299
overview,United Kingdom,K02000001,2021-04-08,2983,4366489,35,127276
overview,United Kingdom,K02000001,2021-04-07,3084,4363506,29,127241
overview,United Kingdom,K02000001,2021-04-06,3118,4360422,28,127212
overview,United Kingdom,K02000001,2021-04-05,2618,4357304,17,127184
overview,United Kingdom,K02000001,2021-04-04,2291,4354686,26,127167
overview,United Kingdom,K02000001,2021-04-03,2403,4352395,31,127141
overview,United Kingdom,K02000001,2021-04-02,2626,4349992,28,127110
overview,United Kingdom,K02000001,2021-04-01,3468,4347366,31,127082
overview,United Kingdom,K02000001,2021-03-31,3768,4343898,38,127051
overview,United Kingdom,K02000001,2021-03-30,3595,4340130,43,127013
overview,United Kingdom,K02000001,2021-03-29,3968,4336535,35,126970
overview,United Kingdom,K02000001,2021-03-28,4657,4332567,34,126935
overview,United Kingdom,K02000001,2021-03-27,3539,4327910,36,126901
overview,United Kingdom,K02000001,2021-03-26,4392,4324371,48,126865
overview,United Kingdom,K02000001,2021-03-25,5402,4319979,45,126817
overview,United Kingdom,K02000001,2021-03-24,6017,4314577,40,126772
overview,United Kingdom,K02000001,2021-03-23,5258,4308560,50,126732
overview,United Kingdom,K02000001,2021-03-22,6201,4303302,65,126682
overview,United Kingdom,K02000001,2021-03-21,5232,4297101,80,126617
overview,United Kingdom,K02000001,2021-03-20,4103,4291869,64,126537
overview,United Kingdom,K02000001,2021-03-19,4999,4287766,70,126473
overview,United Kingdom,K02000001,2021-03-18,5474,4282767,58,126403
overview,United Kingdom,K02000001,2021-03-17,5770,4277293,79,126345
overview,United Kingdom,K02000001,2021-03-16,5674,4271523,80,126266
overview,United Kingdom,K02000001,2021-03-15,6504,4265849,91,126186
overview,United Kingdom,K02000001,2021-03-14,4300,4259345,94,126095
overview,United Kingdom,K02000001,2021-03-13,4246,4255045,108,126001
overview,United Kingdom,K02000001,2021-03-12,5590,4250799,92,125893
overview,United Kingdom,K02000001,2021-03-11,5771,4245209,122,125801
overview,United Kingdom,K02000001,2021-03-10,6037,4239438,116,125679
overview,United Kingdom,K02000001,2021-03-09,6227,4233401,133,125563
overview,United Kingdom,K02000001,2021-03-08,6645,4227174,143,125430
overview,United Kingdom,K02000001,2021-03-07,4286,4220529,131,125287
overview,United Kingdom,K02000001,2021-03-06,4504,4216243,153,125156
overview,United Kingdom,K02000001,2021-03-05,5299,4211739,169,125003
overview,United Kingdom,K02000001,2021-03-04,5725,4206440,153,124834
overview,United Kingdom,K02000001,2021-03-03,5975,4200715,147,124681
overview,United Kingdom,K02000001,2021-03-02,6655,4194740,182,124534
overview,United Kingdom,K02000001,2021-03-01,6876,4188085,224,124352
overview,United Kingdom,K02000001,2021-02-28,4715,4181209,212,124128
overview,United Kingdom,K02000001,2021-02-27,4816,4176494,229,123916
overview,United Kingdom,K02000001,2021-02-26,6566,4171678,227,123687
overview,United Kingdom,K02000001,2021-02-25,7720,4165112,259,123460
overview,United Kingdom,K02000001,2021-02-24,8545,4157392,274,123201
overview,United Kingdom,K02000001,2021-02-23,9383,4148847,288,122927
overview,United Kingdom,K02000001,2021-02-22,11241,4139464,281,122639
overview,United Kingdom,K02000001,2021-02-21,7868,4128223,325,122358
overview,United Kingdom,K02000001,2021-02-20,8052,4120355,349,122033
overview,United Kingdom,K02000001,2021-02-19,10379,4112303,380,121684
overview,United Kingdom,K02000001,2021-02-18,11410,4101924,415,121304
overview,United Kingdom,K02000001,2021-02-17,11562,4090514,430,120889
overview,United Kingdom,K02000001,2021-02-16,12482,4078952,445,120459
overview,United Kingdom,K02000001,2021-02-15,14264,4066470,518,120014
overview,United Kingdom,K02000001,2021-02-14,8752,4052206,493,119496
overview,United Kingdom,K02000001,2021-02-13,8756,4043454,491,119003
overview,United Kingdom,K02000001,2021-02-12,12160,4034698,527,118512
overview,United Kingdom,K02000001,2021-02-11,12741,4022538,571,117985
overview,United Kingdom,K02000001,2021-02-10,13479,4009797,607,117414
overview,United Kingdom,K02000001,2021-02-09,13798,3996318,607,116807
overview,United Kingdom,K02000001,2021-02-08,15702,3982520,678,116200
overview,United Kingdom,K02000001,2021-02-07,11374,3966818,635,115522
overview,United Kingdom,K02000001,2021-02-06,11956,3955444,699,114887
overview,United Kingdom,K02000001,2021-02-05,15844,3943488,752,114188
overview,United Kingdom,K02000001,2021-02-04,17952,3927644,716,113436
overview,United Kingdom,K02000001,2021-02-03,19392,3909692,857,112720
overview,United Kingdom,K02000001,2021-02-02,19749,3890300,849,111863
overview,United Kingdom,K02000001,2021-02-01,22326,3870551,891,111014
overview,United Kingdom,K02000001,2021-01-31,15366,3848225,892,110123
overview,United Kingdom,K02000001,2021-01-30,16664,3832859,911,109231
overview,United Kingdom,K02000001,2021-01-29,21768,3816195,1068,108320
overview,United Kingdom,K02000001,2021-01-28,24130,3794427,1106,107252
overview,United Kingdom,K02000001,2021-01-27,25663,3770297,1111,106146
overview,United Kingdom,K02000001,2021-01-26,26967,3744634,1059,105035
overview,United Kingdom,K02000001,2021-01-25,29895,3717667,1164,103976
overview,United Kingdom,K02000001,2021-01-24,17150,3687772,1157,102812
overview,United Kingdom,K02000001,2021-01-23,21817,3670622,1163,101655
overview,United Kingdom,K02000001,2021-01-22,29519,3648805,1244,100492
overview,United Kingdom,K02000001,2021-01-21,31650,3619286,1235,99248
overview,United Kingdom,K02000001,2021-01-20,35060,3587636,1296,98013
overview,United Kingdom,K02000001,2021-01-19,39449,3552576,1359,96717
overview,United Kingdom,K02000001,2021-01-18,44756,3513127,1294,95358
overview,United Kingdom,K02000001,2021-01-17,28839,3468371,1267,94064
overview,United Kingdom,K02000001,2021-01-16,30519,3439532,1306,92797
overview,United Kingdom,K02000001,2021-01-15,40376,3409013,1225,91491
overview,United Kingdom,K02000001,2021-01-14,42367,3368637,1227,90266
overview,United Kingdom,K02000001,2021-01-13,45384,3326270,1214,89039
overview,United Kingdom,K02000001,2021-01-12,49361,3280886,1210,87825
overview,United Kingdom,K02000001,2021-01-11,57092,3231525,1129,86615
overview,United Kingdom,K02000001,2021-01-10,36325,3174433,1095,85486
overview,United Kingdom,K02000001,2021-01-09,39080,3138108,1018,84391
overview,United Kingdom,K02000001,2021-01-08,46974,3099028,986,83373
overview,United Kingdom,K02000001,2021-01-07,51939,3052054,994,82387
overview,United Kingdom,K02000001,2021-01-06,57372,3000115,931,81393
overview,United Kingdom,K02000001,2021-01-05,65083,2942743,906,80462
overview,United Kingdom,K02000001,2021-01-04,76140,2877660,840,79556
overview,United Kingdom,K02000001,2021-01-03,55153,2801520,759,78716
overview,United Kingdom,K02000001,2021-01-02,60390,2746367,760,77957
overview,United Kingdom,K02000001,2021-01-01,31830,2685977,748,77197
overview,United Kingdom,K02000001,2020-12-31,52777,2654147,757,76449
overview,United Kingdom,K02000001,2020-12-30,70745,2601370,721,75692
overview,United Kingdom,K02000001,2020-12-29,81482,2530625,656,74971
overview,United Kingdom,K02000001,2020-12-28,45575,2449143,678,74315
overview,United Kingdom,K02000001,2020-12-27,47690,2403568,653,73637
overview,United Kingdom,K02000001,2020-12-26,40365,2355878,654,72984
overview,United Kingdom,K02000001,2020-12-25,14167,2315513,612,72330
overview,United Kingdom,K02000001,2020-12-24,31802,2301346,582,71718
overview,United Kingdom,K02000001,2020-12-23,42163,2269544,565,71136
overview,United Kingdom,K02000001,2020-12-22,45645,2227381,562,70571
overview,United Kingdom,K02000001,2020-12-21,47353,2181736,575,70009
overview,United Kingdom,K02000001,2020-12-20,32442,2134383,506,69434
overview,United Kingdom,K02000001,2020-12-19,25139,2101941,488,68928
overview,United Kingdom,K02000001,2020-12-18,35822,2076802,514,68440
overview,United Kingdom,K02000001,2020-12-17,33887,2040980,538,67926
overview,United Kingdom,K02000001,2020-12-16,34901,2007093,433,67388
overview,United Kingdom,K02000001,2020-12-15,33836,1972192,459,66955
overview,United Kingdom,K02000001,2020-12-14,34690,1938356,479,66496
overview,United Kingdom,K02000001,2020-12-13,21972,1903666,418,66017
overview,United Kingdom,K02000001,2020-12-12,19348,1881694,437,65599
overview,United Kingdom,K02000001,2020-12-11,24054,1862346,453,65162
overview,United Kingdom,K02000001,2020-12-10,22588,1838292,447,64709
overview,United Kingdom,K02000001,2020-12-09,21595,1815704,431,64262
overview,United Kingdom,K02000001,2020-12-08,20772,1794109,435,63831
overview,United Kingdom,K02000001,2020-12-07,21320,1773337,420,63396
overview,United Kingdom,K02000001,2020-12-06,13573,1752017,420,62976
overview,United Kingdom,K02000001,2020-12-05,12729,1738444,395,62556
overview,United Kingdom,K02000001,2020-12-04,15656,1725715,475,62161
overview,United Kingdom,K02000001,2020-12-03,15625,1710059,474,61686
overview,United Kingdom,K02000001,2020-12-02,16475,1694434,386,61212
overview,United Kingdom,K02000001,2020-12-01,16446,1677959,399,60826
overview,United Kingdom,K02000001,2020-11-30,18003,1661513,423,60427
overview,United Kingdom,K02000001,2020-11-29,10681,1643510,465,60004
overview,United Kingdom,K02000001,2020-11-28,10958,1632829,467,59539
overview,United Kingdom,K02000001,2020-11-27,14360,1621871,424,59072
overview,United Kingdom,K02000001,2020-11-26,14559,1607511,434,58648
overview,United Kingdom,K02000001,2020-11-25,16609,1592952,484,58214
overview,United Kingdom,K02000001,2020-11-24,16446,1576343,461,57730
overview,United Kingdom,K02000001,2020-11-23,18762,1559897,464,57269
overview,United Kingdom,K02000001,2020-11-22,11733,1541135,475,56805
overview,United Kingdom,K02000001,2020-11-21,12346,1529402,466,56330
overview,United Kingdom,K02000001,2020-11-20,16839,1517056,453,55864
overview,United Kingdom,K02000001,2020-11-19,17740,1500217,461,55411
overview,United Kingdom,K02000001,2020-11-18,20743,1482477,487,54950
overview,United Kingdom,K02000001,2020-11-17,23154,1461734,440,54463
overview,United Kingdom,K02000001,2020-11-16,26563,1438580,423,54023
overview,United Kingdom,K02000001,2020-11-15,16018,1412017,454,53600
overview,United Kingdom,K02000001,2020-11-14,17981,1395999,431,53146
overview,United Kingdom,K02000001,2020-11-13,24026,1378018,436,52715
overview,United Kingdom,K02000001,2020-11-12,24458,1353992,421,52279
overview,United Kingdom,K02000001,2020-11-11,27340,1329534,391,51858
overview,United Kingdom,K02000001,2020-11-10,27402,1302194,391,51467
overview,United Kingdom,K02000001,2020-11-09,31041,1274792,482,51076
overview,United Kingdom,K02000001,2020-11-08,19959,1243751,415,50594
overview,United Kingdom,K02000001,2020-11-07,18507,1223792,392,50179
overview,United Kingdom,K02000001,2020-11-06,23316,1205285,401,49787
overview,United Kingdom,K02000001,2020-11-05,23732,1181969,380,49386
overview,United Kingdom,K02000001,2020-11-04,23665,1158237,329,49006
overview,United Kingdom,K02000001,2020-11-03,25574,1134572,361,48677
overview,United Kingdom,K02000001,2020-11-02,31506,1108998,337,48316
overview,United Kingdom,K02000001,2020-11-01,15742,1077492,359,47979
overview,United Kingdom,K02000001,2020-10-31,16474,1061750,320,47620
overview,United Kingdom,K02000001,2020-10-30,22647,1045276,339,47300
overview,United Kingdom,K02000001,2020-10-29,23327,1022629,313,46961
overview,United Kingdom,K02000001,2020-10-28,23603,999302,287,46648
overview,United Kingdom,K02000001,2020-10-27,24076,975699,266,46361
overview,United Kingdom,K02000001,2020-10-26,26538,951623,280,46095
overview,United Kingdom,K02000001,2020-10-25,15712,925085,250,45815
overview,United Kingdom,K02000001,2020-10-24,16220,909373,213,45565
overview,United Kingdom,K02000001,2020-10-23,21451,893153,223,45352
overview,United Kingdom,K02000001,2020-10-22,23223,871702,236,45129
overview,United Kingdom,K02000001,2020-10-21,25419,848479,221,44893
overview,United Kingdom,K02000001,2020-10-20,25306,823060,197,44672
overview,United Kingdom,K02000001,2020-10-19,25598,797754,192,44475
overview,United Kingdom,K02000001,2020-10-18,14184,772156,160,44283
overview,United Kingdom,K02000001,2020-10-17,14745,757972,178,44123
overview,United Kingdom,K02000001,2020-10-16,17705,743227,150,43945
overview,United Kingdom,K02000001,2020-10-15,18409,725522,151,43795
overview,United Kingdom,K02000001,2020-10-14,19679,707113,116,43644
overview,United Kingdom,K02000001,2020-10-13,18874,687434,111,43528
overview,United Kingdom,K02000001,2020-10-12,19416,668560,113,43417
overview,United Kingdom,K02000001,2020-10-11,12052,649144,124,43304
overview,United Kingdom,K02000001,2020-10-10,12496,637092,104,43180
overview,United Kingdom,K02000001,2020-10-09,15709,624596,79,43076
overview,United Kingdom,K02000001,2020-10-08,18221,608887,93,42997
overview,United Kingdom,K02000001,2020-10-07,18302,590666,102,42904
overview,United Kingdom,K02000001,2020-10-06,17043,572364,71,42802
overview,United Kingdom,K02000001,2020-10-05,16537,555321,72,42731
overview,United Kingdom,K02000001,2020-10-04,11790,538784,60,42659
overview,United Kingdom,K02000001,2020-10-03,11516,526994,67,42599
overview,United Kingdom,K02000001,2020-10-02,13679,515478,69,42532
overview,United Kingdom,K02000001,2020-10-01,13183,501799,66,42463
overview,United Kingdom,K02000001,2020-09-30,12553,488616,57,42397
overview,United Kingdom,K02000001,2020-09-29,10225,476063,48,42340
overview,United Kingdom,K02000001,2020-09-28,9915,465838,54,42292
overview,United Kingdom,K02000001,2020-09-27,6968,455923,47,42238
overview,United Kingdom,K02000001,2020-09-26,6746,448955,39,42191
overview,United Kingdom,K02000001,2020-09-25,7229,442209,32,42152
overview,United Kingdom,K02000001,2020-09-24,7596,434980,35,42120
overview,United Kingdom,K02000001,2020-09-23,7045,427384,57,42085
overview,United Kingdom,K02000001,2020-09-22,6394,420339,40,42028
overview,United Kingdom,K02000001,2020-09-21,5595,413945,27,41988
overview,United Kingdom,K02000001,2020-09-20,5312,408350,32,41961
overview,United Kingdom,K02000001,2020-09-19,4843,403038,20,41929
overview,United Kingdom,K02000001,2020-09-18,4951,398195,24,41909
overview,United Kingdom,K02000001,2020-09-17,4615,393244,27,41885
overview,United Kingdom,K02000001,2020-09-16,4346,388629,26,41858
overview,United Kingdom,K02000001,2020-09-15,3538,384283,18,41832
overview,United Kingdom,K02000001,2020-09-14,3374,380745,21,41814
overview,United Kingdom,K02000001,2020-09-13,2129,377371,16,41793
overview,United Kingdom,K02000001,2020-09-12,2654,375242,18,41777
overview,United Kingdom,K02000001,2020-09-11,3284,372588,13,41759
overview,United Kingdom,K02000001,2020-09-10,3576,369304,13,41746
overview,United Kingdom,K02000001,2020-09-09,3327,365728,9,41733
overview,United Kingdom,K02000001,2020-09-08,3301,362401,9,41724
overview,United Kingdom,K02000001,2020-09-07,3858,359100,15,41715
overview,United Kingdom,K02000001,2020-09-06,2439,355242,8,41700
overview,United Kingdom,K02000001,2020-09-05,2540,352803,13,41692
overview,United Kingdom,K02000001,2020-09-04,3036,350263,7,41679
overview,United Kingdom,K02000001,2020-09-03,3092,347227,10,41672
overview,United Kingdom,K02000001,2020-09-02,2994,344135,9,41662
overview,United Kingdom,K02000001,2020-09-01,2249,341141,3,41653
overview,United Kingdom,K02000001,2020-08-31,1499,338892,9,41650
overview,United Kingdom,K02000001,2020-08-30,1159,337393,6,41641
overview,United Kingdom,K02000001,2020-08-29,1221,336234,5,41635
overview,United Kingdom,K02000001,2020-08-28,1623,335013,10,41630
overview,United Kingdom,K02000001,2020-08-27,1548,333390,8,41620
overview,United Kingdom,K02000001,2020-08-26,1348,331842,11,41612
overview,United Kingdom,K02000001,2020-08-25,1245,330494,12,41601
overview,United Kingdom,K02000001,2020-08-24,1272,329249,6,41589
overview,United Kingdom,K02000001,2020-08-23,824,327977,14,41583
overview,United Kingdom,K02000001,2020-08-22,823,327153,8,41569
overview,United Kingdom,K02000001,2020-08-21,1198,326330,7,41561
overview,United Kingdom,K02000001,2020-08-20,1460,325132,8,41554
overview,United Kingdom,K02000001,2020-08-19,1240,323672,3,41546
overview,United Kingdom,K02000001,2020-08-18,1082,322432,9,41543
overview,United Kingdom,K02000001,2020-08-17,1278,321350,12,41534
overview,United Kingdom,K02000001,2020-08-16,598,320072,4,41522
overview,United Kingdom,K02000001,2020-08-15,693,319474,12,41518
overview,United Kingdom,K02000001,2020-08-14,1161,318781,7,41506
overview,United Kingdom,K02000001,2020-08-13,1140,317620,9,41499
overview,United Kingdom,K02000001,2020-08-12,1206,316480,7,41490
overview,United Kingdom,K02000001,2020-08-11,1342,315274,10,41483
overview,United Kingdom,K02000001,2020-08-10,1469,313932,13,41473
overview,United Kingdom,K02000001,2020-08-09,614,312463,8,41460
overview,United Kingdom,K02000001,2020-08-08,695,311849,14,41452
overview,United Kingdom,K02000001,2020-08-07,943,311154,12,41438
overview,United Kingdom,K02000001,2020-08-06,1080,310211,9,41426
overview,United Kingdom,K02000001,2020-08-05,1057,309131,6,41417
overview,United Kingdom,K02000001,2020-08-04,1018,308074,14,41411
overview,United Kingdom,K02000001,2020-08-03,1036,307056,15,41397
overview,United Kingdom,K02000001,2020-08-02,553,306020,10,41382
overview,United Kingdom,K02000001,2020-08-01,542,305467,11,41372
overview,United Kingdom,K02000001,2020-07-31,676,304925,14,41361
overview,United Kingdom,K02000001,2020-07-30,924,304249,10,41347
overview,United Kingdom,K02000001,2020-07-29,1036,303325,12,41337
overview,United Kingdom,K02000001,2020-07-28,840,302289,12,41325
overview,United Kingdom,K02000001,2020-07-27,855,301449,11,41313
overview,United Kingdom,K02000001,2020-07-26,558,300594,16,41302
overview,United Kingdom,K02000001,2020-07-25,523,300036,16,41286
overview,United Kingdom,K02000001,2020-07-24,773,299513,7,41270
overview,United Kingdom,K02000001,2020-07-23,794,298740,16,41263
overview,United Kingdom,K02000001,2020-07-22,796,297946,17,41247
overview,United Kingdom,K02000001,2020-07-21,781,297150,20,41230
overview,United Kingdom,K02000001,2020-07-20,812,296369,12,41210
overview,United Kingdom,K02000001,2020-07-19,445,295557,14,41198
overview,United Kingdom,K02000001,2020-07-18,497,295112,14,41184
overview,United Kingdom,K02000001,2020-07-17,580,294615,18,41170
overview,United Kingdom,K02000001,2020-07-16,706,294035,13,41152
overview,United Kingdom,K02000001,2020-07-15,774,293329,20,41139
overview,United Kingdom,K02000001,2020-07-14,692,292555,21,41119
overview,United Kingdom,K02000001,2020-07-13,733,291863,24,41098
overview,United Kingdom,K02000001,2020-07-12,369,291130,13,41074
overview,United Kingdom,K02000001,2020-07-11,446,290761,21,41061
overview,United Kingdom,K02000001,2020-07-10,565,290315,21,41040
overview,United Kingdom,K02000001,2020-07-09,718,289750,37,41019
overview,United Kingdom,K02000001,2020-07-08,702,289032,24,40982
overview,United Kingdom,K02000001,2020-07-07,605,288330,27,40958
overview,United Kingdom,K02000001,2020-07-06,704,287725,35,40931
overview,United Kingdom,K02000001,2020-07-05,556,287021,27,40896
overview,United Kingdom,K02000001,2020-07-04,402,286465,33,40869
overview,United Kingdom,K02000001,2020-07-03,574,286063,29,40836
overview,United Kingdom,K02000001,2020-07-02,608,285489,43,40807
overview,United Kingdom,K02000001,2020-07-01,656,284881,27,40764
overview,United Kingdom,K02000001,2020-06-30,617,284225,47,40737
overview,United Kingdom,K02000001,2020-06-29,728,283608,39,40690
overview,United Kingdom,K02000001,2020-06-28,446,282880,45,40651
overview,United Kingdom,K02000001,2020-06-27,652,282434,49,40606
overview,United Kingdom,K02000001,2020-06-26,668,281782,41,40557
overview,United Kingdom,K02000001,2020-06-25,718,281114,68,40516
overview,United Kingdom,K02000001,2020-06-24,775,280396,74,40448
overview,United Kingdom,K02000001,2020-06-23,887,279621,64,40374
overview,United Kingdom,K02000001,2020-06-22,894,278734,64,40310
overview,United Kingdom,K02000001,2020-06-21,637,277840,54,40246
overview,United Kingdom,K02000001,2020-06-20,686,277203,60,40192
overview,United Kingdom,K02000001,2020-06-19,997,276517,52,40132
overview,United Kingdom,K02000001,2020-06-18,1026,275520,61,40080
overview,United Kingdom,K02000001,2020-06-17,1012,274494,59,40019
overview,United Kingdom,K02000001,2020-06-16,1103,273482,84,39960
overview,United Kingdom,K02000001,2020-06-15,1042,272379,70,39876
overview,United Kingdom,K02000001,2020-06-14,819,271337,86,39806
overview,United Kingdom,K02000001,2020-06-13,887,270518,62,39720
overview,United Kingdom,K02000001,2020-06-12,1059,269631,80,39658
overview,United Kingdom,K02000001,2020-06-11,1010,268572,80,39578
overview,United Kingdom,K02000001,2020-06-10,1192,267562,109,39498
overview,United Kingdom,K02000001,2020-06-09,1154,266370,90,39389
overview,United Kingdom,K02000001,2020-06-08,1096,265216,125,39299
overview,United Kingdom,K02000001,2020-06-07,722,264120,128,39174
overview,United Kingdom,K02000001,2020-06-06,805,263398,110,39046
overview,United Kingdom,K02000001,2020-06-05,1125,262593,123,38936
overview,United Kingdom,K02000001,2020-06-04,1249,261468,134,38813
overview,United Kingdom,K02000001,2020-06-03,1358,260219,155,38679
overview,United Kingdom,K02000001,2020-06-02,1485,258861,168,38524
overview,United Kingdom,K02000001,2020-06-01,1438,257376,134,38356
overview,United Kingdom,K02000001,2020-05-31,1081,255938,127,38222
overview,United Kingdom,K02000001,2020-05-30,1118,254857,163,38095
overview,United Kingdom,K02000001,2020-05-29,1527,253739,186,37932
overview,United Kingdom,K02000001,2020-05-28,1757,252212,217,37746
overview,United Kingdom,K02000001,2020-05-27,1824,250455,197,37529
overview,United Kingdom,K02000001,2020-05-26,2056,248631,214,37332
overview,United Kingdom,K02000001,2020-05-25,1616,246575,200,37118
overview,United Kingdom,K02000001,2020-05-24,1363,244959,196,36918
overview,United Kingdom,K02000001,2020-05-23,1526,243596,220,36722
overview,United Kingdom,K02000001,2020-05-22,2052,242070,223,36502
overview,United Kingdom,K02000001,2020-05-21,2567,240018,238,36279
overview,United Kingdom,K02000001,2020-05-20,2701,237451,268,36041
overview,United Kingdom,K02000001,2020-05-19,3045,234750,275,35773
overview,United Kingdom,K02000001,2020-05-18,2577,231705,293,35498
overview,United Kingdom,K02000001,2020-05-17,1834,229128,267,35205
overview,United Kingdom,K02000001,2020-05-16,2075,227294,314,34938
overview,United Kingdom,K02000001,2020-05-15,2523,225219,314,34624
overview,United Kingdom,K02000001,2020-05-14,2623,222696,334,34310
overview,United Kingdom,K02000001,2020-05-13,3309,220073,317,33976
overview,United Kingdom,K02000001,2020-05-12,3387,216764,321,33659
overview,United Kingdom,K02000001,2020-05-11,3576,213377,309,33338
overview,United Kingdom,K02000001,2020-05-10,2322,209801,348,33029
overview,United Kingdom,K02000001,2020-05-09,2163,207479,378,32681
overview,United Kingdom,K02000001,2020-05-08,3062,205316,383,32303
overview,United Kingdom,K02000001,2020-05-07,3770,202254,461,31920
overview,United Kingdom,K02000001,2020-05-06,3816,198484,459,31459
overview,United Kingdom,K02000001,2020-05-05,3667,194668,465,31000
overview,United Kingdom,K02000001,2020-05-04,3388,191001,484,30535
overview,United Kingdom,K02000001,2020-05-03,2980,187613,450,30051
overview,United Kingdom,K02000001,2020-05-02,3232,184633,494,29601
overview,United Kingdom,K02000001,2020-05-01,4731,181401,568,29107
overview,United Kingdom,K02000001,2020-04-30,4956,176670,551,28539
overview,United Kingdom,K02000001,2020-04-29,5423,171714,572,27988
overview,United Kingdom,K02000001,2020-04-28,4711,166291,560,27416
overview,United Kingdom,K02000001,2020-04-27,4705,161580,594,26856
overview,United Kingdom,K02000001,2020-04-26,3467,156875,633,26262
overview,United Kingdom,K02000001,2020-04-25,3741,153408,647,25629
overview,United Kingdom,K02000001,2020-04-24,4951,149667,683,24982
overview,United Kingdom,K02000001,2020-04-23,5141,144716,678,24299
overview,United Kingdom,K02000001,2020-04-22,5484,139575,731,23621
overview,United Kingdom,K02000001,2020-04-21,4761,134091,745,22890
overview,United Kingdom,K02000001,2020-04-20,4417,129330,783,22145
overview,United Kingdom,K02000001,2020-04-19,3852,124913,769,21362
overview,United Kingdom,K02000001,2020-04-18,4699,121061,800,20593
overview,United Kingdom,K02000001,2020-04-17,4929,116362,819,19793
overview,United Kingdom,K02000001,2020-04-16,5273,111433,844,18974
overview,United Kingdom,K02000001,2020-04-15,5045,106160,878,18130
overview,United Kingdom,K02000001,2020-04-14,4295,101115,857,17252
overview,United Kingdom,K02000001,2020-04-13,4162,96820,896,16395
overview,United Kingdom,K02000001,2020-04-12,3477,92658,958,15499
overview,United Kingdom,K02000001,2020-04-11,3555,89181,956,14541
overview,United Kingdom,K02000001,2020-04-10,4311,85626,944,13585
overview,United Kingdom,K02000001,2020-04-09,4851,81315,1001,12641
overview,United Kingdom,K02000001,2020-04-08,5114,76464,1076,11640
overview,United Kingdom,K02000001,2020-04-07,5430,71350,999,10564
overview,United Kingdom,K02000001,2020-04-06,5259,65920,895,9565
overview,United Kingdom,K02000001,2020-04-05,3583,60661,917,8670
overview,United Kingdom,K02000001,2020-04-04,4004,57078,906,7753
overview,United Kingdom,K02000001,2020-04-03,4892,53074,840,6847
overview,United Kingdom,K02000001,2020-04-02,4851,48182,806,6007
overview,United Kingdom,K02000001,2020-04-01,4931,43331,769,5201
overview,United Kingdom,K02000001,2020-03-31,4515,38400,661,4432
overview,United Kingdom,K02000001,2020-03-30,4259,33885,591,3771
overview,United Kingdom,K02000001,2020-03-29,2854,29626,506,3180
overview,United Kingdom,K02000001,2020-03-28,2815,26772,436,2674
overview,United Kingdom,K02000001,2020-03-27,3182,23957,398,2238
overview,United Kingdom,K02000001,2020-03-26,3082,20775,362,1840
overview,United Kingdom,K02000001,2020-03-25,2689,17693,303,1478
overview,United Kingdom,K02000001,2020-03-24,2371,15004,237,1175
overview,United Kingdom,K02000001,2020-03-23,2325,12633,186,938
overview,United Kingdom,K02000001,2020-03-22,1373,10308,164,752
overview,United Kingdom,K02000001,2020-03-21,1192,8935,130,588
overview,United Kingdom,K02000001,2020-03-20,1257,7743,109,458
overview,United Kingdom,K02000001,2020-03-19,1049,6486,74,349
overview,United Kingdom,K02000001,2020-03-18,991,5437,68,275
overview,United Kingdom,K02000001,2020-03-17,788,4446,52,207
overview,United Kingdom,K02000001,2020-03-16,601,3658,47,155
overview,United Kingdom,K02000001,2020-03-15,441,3057,32,108
overview,United Kingdom,K02000001,2020-03-14,362,2616,22,76
overview,United Kingdom,K02000001,2020-03-13,480,2254,16,54
overview,United Kingdom,K02000001,2020-03-12,482,1774,13,38
overview,United Kingdom,K02000001,2020-03-11,402,1292,8,25
overview,United Kingdom,K02000001,2020-03-10,266,890,3,17
overview,United Kingdom,K02000001,2020-03-09,147,624,5,14
overview,United Kingdom,K02000001,2020-03-08,57,477,3,9
overview,United Kingdom,K02000001,2020-03-07,68,420,0,6
overview,United Kingdom,K02000001,2020-03-06,81,352,0,6
overview,United Kingdom,K02000001,2020-03-05,50,271,3,6
overview,United Kingdom,K02000001,2020-03-04,56,221,0,3
overview,United Kingdom,K02000001,2020-03-03,57,165,2,3
overview,United Kingdom,K02000001,2020-03-02,39,108,1,1
overview,United Kingdom,K02000001,2020-03-01,22,69,,
overview,United Kingdom,K02000001,2020-02-29,5,47,,
overview,United Kingdom,K02000001,2020-02-28,12,42,,
overview,United Kingdom,K02000001,2020-02-27,8,30,,
overview,United Kingdom,K02000001,2020-02-26,4,22,,
overview,United Kingdom,K02000001,2020-02-25,5,18,,
overview,United Kingdom,K02000001,2020-02-24,2,13,,
overview,United Kingdom,K02000001,2020-02-23,1,11,,
overview,United Kingdom,K02000001,2020-02-22,0,10,,
overview,United Kingdom,K02000001,2020-02-21,1,10,,
overview,United Kingdom,K02000001,2020-02-20,0,9,,
overview,United Kingdom,K02000001,2020-02-19,0,9,,
overview,United Kingdom,K02000001,2020-02-18,0,9,,
overview,United Kingdom,K02000001,2020-02-17,0,9,,
overview,United Kingdom,K02000001,2020-02-16,0,9,,
overview,United Kingdom,K02000001,2020-02-15,0,9,,
overview,United Kingdom,K02000001,2020-02-14,0,9,,
overview,United Kingdom,K02000001,2020-02-13,0,9,,
overview,United Kingdom,K02000001,2020-02-12,0,9,,
overview,United Kingdom,K02000001,2020-02-11,1,9,,
overview,United Kingdom,K02000001,2020-02-10,0,8,,
overview,United Kingdom,K02000001,2020-02-09,1,8,,
overview,United Kingdom,K02000001,2020-02-08,4,7,,
overview,United Kingdom,K02000001,2020-02-07,0,3,,
overview,United Kingdom,K02000001,2020-02-06,0,3,,
overview,United Kingdom,K02000001,2020-02-05,1,3,,
overview,United Kingdom,K02000001,2020-02-04,0,2,,
overview,United Kingdom,K02000001,2020-02-03,0,2,,
overview,United Kingdom,K02000001,2020-02-02,0,2,,
overview,United Kingdom,K02000001,2020-02-01,0,2,,
overview,United Kingdom,K02000001,2020-01-31,0,2,,
overview,United Kingdom,K02000001,2020-01-30,2,2,,
